Email;Search
torgmoloko@vitprod.by;Витебскмясомолпром ОАО
torg@vitprod.by;Витебскмясомолпром ОАО
ganna_mag1@mail.ru;г.Витебск. Руба-2, ул.Школьная 16
vitebsk-ganna-2@mail.ru;Г.ВИТЕБСК, УЛ. ЛЮДНИКОВА, Д.16,
broiler_mag3@mail.ru;Г.ВИТЕБСК, ПР.ЧЕРНЯХОВСКОГО, Д.42,
ganna_mag7@mail.ru;Г.НОВОЛУКОМЛЬ, УЛ.НАБЕРЕЖНАЯ,11,МАГАЗИН ГАННА
ganna_mag8@mail.ru;г. Витебск, ул. Энергетиков, 16
59414@mail.ru;Г.ВИТЕБСК, УЛ.ГАГАРИНА, Д.98а,
ganna_mag19@mail.ru;Г.ВИТЕБСК,УЛ.ШРАДЕРА,3/1
tc_ganna@tut.by;г.Витебск пр.Московский 99
zav.sek.d1@resttrade.by;Г. ПОЛОЦК УЛ. П.БРОВКИ, 45
zav.sek.d2@resttrade.by;Г.ПОЛОЦК, УЛ.ИОАННА ЗОДЧЕГО, 16
zav.sek.d3@resttrade.by;Г.НОВОПОЛОЦК, УЛ.МОЛОДЕЖНАЯ, 217
zav.sek.d4@resttrade.by;Г.НОВОПОЛОЦК, УЛ.МОЛОДЕЖНАЯ, 65
zav.sek.d5@resttrade.by;Г.НОВОПОЛОЦК,УЛ.МОЛОДЕЖНАЯ, 18
zav.sek.d6@resttrade.by;Г.НОВОПОЛОЦК,УЛ.МОЛОДЕЖНАЯ,177А
zav.sek.d7@resttrade.by;Г.НОВОПОЛОЦК,УЛ.МОЛОДЕЖНАЯ,Д.89
zav.sek.d8@resttrade.by;Г. ПОЛОЦК УЛ. ОКТЯБРЬСКАЯ 25
zav.sek.d9@resttrade.by;Г. НОВОПОЛОЦК УЛ. БЛОХИНА, 6
zav.sek.d10@resttrade.by;Г. НОВОПОЛОЦК УЛ. МОЛОДЕЖНАЯ, 139
zav.sek.d11@resttrade.by;Г. ПОЛОЦК УЛ.ОКТЯБРЬСКАЯ, 42
zav.sek.d12@resttrade.by;Г. ПОЛОЦК УЛ.ЗЫГИНА, 57А-1
zav.sek.d19@resttrade.by;г.Витебск, ул.Генерала Ивановского ,36
bm146@bmk.by;г.Витебск пр.Строителей 22г
s.svitina@vt.green-market.by;Витебск, ул.Чкалова,35
mag127@dorors.by;г.Орша,ул.Держинского,д.2
